Maren Skuterud,35,113 07 829,Østre Granittgata 8,1735,Fager,Miniature Fox Terrier
Mina Wold,19,039 14 630,Sørlies Vei 3,4310,Tand,Borzoi
Selma Eriksen,18,12 75 29 41,Øvre Konvallmyra 1,6809,Lille,Somali
Mathilde Amundsen,66,11892481,Kugjerdet 4,1847,Tand,Selkirk Rex
Nikolai Amundsen,59,+47 20 80 77 44,Østre Elveskrenten 29,3786,Sand,Grand Anglo-Français Tricolore
Oskar Eide,77,+47 13 74 06 75,Øvre Lillehøgda 6,4708,Fager,undefined
Kristine Fjeld,62,00333682,Kristoffersensvei 82,0555,Ut,Galgo Español
Amalie Kristensen,91,+47 18 53 51 62,Vestre Heggestykket 80,0145,Lille,Pražský Krysařík
Ingrid Østli,19,08268456,Fiolvollen 02,0546,Stor,Dutch Smoushond
Anders Jørgensen,70,+47 10 26 05 07,Gamle Furustranda 9,0465,Inn,Havana
Kristine Nilsen,16,+47 10 38 53 74,Søndre Sjølyngen 78,8099,Tand,Devon Rex
Madeleine Vegge II,32,18 99 97 91,Klevenveien 61,7301,Nord,Basset Fauve de Bretagne
Nora Solberg,29,04712504,Granholtet 76,1440,Nord,Selkirk Rex
Dr. Håkon Fredriksen,50,712 16 090,9552,Mal,Peterbald
Lars Huseby,51,13 29 81 59,Kvarmesvei 26,0460,Høy,Persian
38,09714161,Svendsensvei 09,6796,Gjes,Norwich Terrier
Adrian Aalerud,22,52839006,Joakims Gate 25,6955,Stor,Curly-Coated Retriever
Emma Jensen,31,15008746,Andreas Vei 16,6281,Lo,Egyptian Mau
Kristine Gundersen,87,04319639,Kristiansens Gate 8,9990,Ut,Peruvian Inca Orchid
Kasper Glosli I,41,+47 19 94 48 47,Gamle Damholtet 17,0223,Høy,Wirehaired Pointing Griffon
Maria Berg Sr.,46,09 36 12 10,Øvre Kirkegropa 9,6596,Stav,Briquet Griffon Vendéen
Ida Borge,15,01 28 02 09,Vestre Granitttoppen 0,1752,Gjes,Thai
Joakim Thoresen,35,+47 08 50 59 78,Vestre Konvallfaret 27,5861,Sand,Burmese
Dr. Theodor Fredriksen,53,19 04 41 77,Simens Gate 6,3980,Nord,Caucasian Shepherd Dog
Thomas Aas,75,11 45 42 12,Benjamingata 7,8528,Sme,Devon Rex
Kaja Olsen,46,10 10 93 69,Lucassvei 03,7840,Sand,Siamese
Dr. Oliver Carlsen,90,12440673,Klevengata 26,4447,Lille,Japanese Bobtail
Dr. Celine Nordskaug Sr.,64,186 37 801,Sørliegata 10,8421,Inn,Bombay
Synne Hansen,60,06613698,Liesgate 2,0944,Stor,Ragdoll
Prof. Marie Johnsen,92,+47 11 87 41 71,Søndre Solhaugen 48,7502,Sme,Magyar agár
Kristian Solli II,82,10 96 96 16,Selmas Vei 0,0891,Fager,Spanish Mastiff
Anna Fossum,90,004 94 948,Elveskogen 7,9444,Ut,Sphynx
Herman Bjørnstad,17,05 67 66 86,Skoglundsvei 0,9100,Høy,LaPerm
Magnus Solheim,94,+47 50 21 77 82,Larss Vei 5,7369,Stav,Curly-Coated Retriever
Thea Aas,32,106 34 458,Solvika 8,2546,Sme,West Highland White Terrier
Markus Strand,50,+47 16 91 45 57,Hermansgate 33,0577,Fager,Pyrenean Mountain Dog
Elise Gran,82,16 50 56 89,Benjaminsvei 52,5656,Fet,Burgos Pointer
Sander Danielsen,54,031 63 682,Finstadsvei 75,0961,Mal,Siberian
Prof. Filip Ryan,28,05 69 79 70,Mathisens Vei 20,2818,Høy,American Shorthair
Prof. Natalie Røed,67,+47 11 21 33 08,Skuterudgata 6,9818,Fet,Peterbald
Herman Aasen,56,+47 13 34 29 06,Nedre Høyhaugen 1,0732,Stav,Sphynx
Dr. Elise Nordskaug,80,11 99 68 02,Andersensgate 9,6022,Fet,Istrian Shorthaired Hound
Markus Larsen,39,144 36 403,Berntsens Vei 7,1194,Nær,Flat-Coated Retriever
Linnea Eriksen,87,+47 15 29 76 07,Heggeengen 2,4720,Vest,American Shorthair
Sandra Solberg,92,04 01 47 72,Gundersensvei 96,8572,Mal,LaPerm
Mari Røed,50,013 33 002,Siljegata 6,2549,Nord,Jonangi
Prof. Amalie Sørlie,48,100 81 739,Øvre Tingringen 24,8106,Inn,Munchkin
Daniel Røed III,28,12388906,Torgstykket 79,3270,Sand,Pixiebob
Theodor Lie,68,16 30 43 33,Simengata 4,0295,Inn,Redbone Coonhound
64,24 36 55 94,Gamle Granittholtet 9,1299,Sand,Oriental
Kristine Kleven,78,+47 34 56 98 64,0418,Nord,Field Spaniel
Theodor Vedvik,34,067 84 527,Vestre Solskrenten 42,7231,Stor,Taiwan Dog
Adrian Johansen,91,+47 03 62 04 27,Nygårdgata 9,9799,Stav,Snowshoe
Malin Aas I,28,17428209,Lillerøa 7,0462,Stor,Havana
William Larsen,56,02 37 83 89,Marengata 8,3229,Gjes,Kai Ken
66,398 57 530,Vestre Solringen 96,0864,Fager,Japanese Bobtail
Ida Johnsen,60,16 60 79 49,Kajas Vei 37,0126,Mal,Chartreux
Karoline Sørensen Sr.,20,07448511,Nygårdveien 0,9567,Ut,Kuvasz
Dr. Madeleine Nielsen,94,+47 39 35 87 29,9275,Sme,Russian Blue
Herman Jørgensen,79,8kw60gpwz,Øvre Rognelia 2,4915,Gjes,Tyrolean Hound
Oliver Bakken,82,01030366,Eikeskogen 4,2002,Inn,LaPerm
Emma Nguyen,57,04569168,Fiolkroken 63,0458,Sand,Bernese Mountain Dog
Dr. Tuva Karlsen,79,08 82 41 63,Fiolmarka 3,7412,Nær,Picardy Spaniel
Kristian Ruud,68,08 34 64 95,Dambakken 63,0010,Ut,Devon Rex
Sondre Jensen,19,02157754,Evensenveien 58,0672,Lille,Persian
Sara Pettersen,64,019 25 630,Berntsensgate 05,2639,Gjes,Burmese
Johannes Bjerke,16,19954549,Sindreveien 84,8204,Lo,Chartreux
Andrea Løken,91,655 98 440,Søndre Fiolhagen 5,4658,Nord,Beagle-Harrier
Filip Stensrud,53,+47 15 08 63 63,Olivers Gate 5,2139,Nord,Chartreux
Dr. Mikkel Huseby,87,122 69 864,Geiteryggmyra 1,0693,Vest,American Foxhound
Maja Sørensen,24,84291511,0410,Nord,Lhasa Apso
Marie Solli,16,181 93 599,Martes Gate 46,6145,Nord,Serengeti
29,678 80 352,Øvre Konvallekra 55,0041,Stor,Norwegian Buhund
Dr. Emma Amundsen,26,+47 15 87 85 97,Majas Vei 05,0355,Sme,Anglo-Français de Petite Vénerie
Kristoffer Jørgensen,82,rsfago8,Johansensvei 7,8069,Lo,Shih Tzu
Selma Eriksen,18,dsgwth5r,Solsvingen 11,6846,Tand,Highlander
Alexander Larsen,53,14 97 27 08,Øvre Solmoen 8,0918,Ut,Austrian Pinscher
Jørgen Moen,83,03515481,Thomasgata 4,9912,Sme,Spanish Water Dog
Mina Haugen I,56,04 67 73 19,Korskroken 23,5394,Nord,Indian Spitz
Maren Rasmussen,69,145 00 814,Woldsgate 7,1980,Fet,Australian Terrier
Emilie Kristiansen,86,143 03 936,Østlis Gate 53,0941,Høy,undefined
Prof. Ingrid Aas,35,06786106,Liesgate 78,1317,Fet,Ragdoll
Oda Evensen,42,06466347,Danielsvei 9,3488,Sand,Nebelung
Mikkel Bakke,86,04 11 48 34,Geiterygghavna 81,0269,Vest,undefined
Synne Pedersen,37,08970553,Vestre Torgvollen 98,2829,Sme,Somali
23,564 00 771,Lundegata 3,4715,Sme,Cursinu
Silje Kleven,56,080 61 826,Øvre Tingtoppen 57,0096,Gjes,Shih Tzu
Eline Amundsen,87,+47 05 29 01 35,Lillehagen 1,1026,Stor,Manx
Daniel Sørlie,20,null,Øvre Elvestubben 74,1508,Tand,Olde English Bulldogge
Ingrid Østli,37,199 47 795,Mikkelgata 42,2346,Fet,undefined
Maja Andersen,75,081 62 972,Soldugggropa 5,3986,Lille,Japanese Terrier
Mari Nordby,28,null,Amundsens Vei 2,0407,Sand,Pyrenean Mastiff
Henrik Skoglund,62,06742676,Andersgata 44,2142,Lo,Chartreux
Theodor Haukelidsæter,25,145 66 514,Edvardsenveien 5,0748,Vest,Turkish Van
Tobias Aalerud,54,83503630,Alexanderveien 2,3778,Nord,Styrian Coarse-haired Hound
Anders Jørgensen,29,10662093,Prestelyngen 75,6364,Sand,Spinone Italiano
Linnea Skoglund,28,16794152,Brulunden 50,0967,Nær,British Shorthair
William Henriksen,59,41174494,6453,Nær,Pixiebob
Mari Sørlie,24,03020028,Bjørkemoen 2,8439,Tand,Bully Kutta
Henrik Lie,66,+47 07 64 12 73,Kueggen 81,0107,Tand,Rampur Greyhound
Prof. Hanna Jacobsen,78,16666422,Øvre Kuhavna 02,4838,Stav,Tosa
Thomas Christiansen,46,10 06 40 59,Søndre Solduggskogen 5,3529,Tand,Persian
Hedda Johansen,34,14 11 45 84,Østre Solvollen 12,6586,Nord,Galgo Español
Amalie Huseby,18,141 28 070,Vestre Furumoen 1,0074,Inn,Bombay
Jonathan Torgersen,40,+47 06 05 69 39,Søndre Furualléen 40,7615,Lille,Dunker
Daniel Vedvik,15,01213071,Jonathans Vei 6,8360,Nord,Ragdoll
Anders Myhrer,93,004 37 428,Mathildeveien 0,4259,Lo,Maine Coon
Dr. Natalie Berntsen,38,01168966,Søndre Vassmoen 5,0535,Fet,Snowshoe
Dr. Lars Carlsen,22,07 74 14 19,Woldgata 6,0104,Stor,Singapura
Prof. Johannes Berg,73,140 49 986,Heggelunden 6,0304,Tand,Sphynx
Even Pedersen III,67,09 27 04 19,Ingrids Gate 83,7250,Nord,Minskin
Håkon Berg,40,+47 00 20 53 63,Andreas Vei 6,2606,Nord,Lancashire Heeler
Dr. Aksel Nguyen,19,+47 14 82 53 05,Øvre Granittstykket 5,0964,Nord,Persian
Thea Mathisen,35,+47 05 19 41 82,Nedre Heggestranda 4,7195,Inn,Alaskan Husky
Lars Edvardsen,72,088 34 529,Ryans Vei 05,0376,Inn,Russian Blue
Tuva Løken,23,+47 04 45 94 92,Eliseveien 31,6137,Fet,Havana
Magnus Amundsen,62,+47 03 79 86 53,Rasmussens Vei 21,9254,Høy,Pixiebob
Sebastian Martinsen,94,+47 20 34 31 12,Vestre Sjøeggen 70,6487,Sme,Grand Anglo-Français Blanc et Noir
28,40073982,Lieveien 16,0462,Ut,Banjara Hound
Isak Jensen,71,07 10 29 18,Kajas Gate 0,9648,Fet,Siberian
Helene Kristoffersen,20,99 57 11 08,Tingmoen 6,5153,Gjes,Pont-Audemer Spaniel
Sandra Kristiansen,25,13 74 12 23,Søndre Kirkesvingen 7,0582,Tand,Selkirk Rex
Henrik Larsen IV,43,19075715,Bergveien 54,4510,Høy,Munchkin
Emilie Danielsen,20,+47 12 33 72 21,Nedre Eiketunet 5,3113,Lo,Sokoke
Mathilde Fjeld,71,12009627,Kugrenda 86,6207,Mal,Chartreux
Hedda Evensen,52,+47 04 83 31 15,Fosseeggen 06,0028,Ut,Scottish Fold
Isak Huseby,46,+47 19 01 40 64,Gundersensvei 7,1442,Sme,Savannah
Kristian Hopland,22,10 40 10 13,Øvre Fosseåsen 32,0367,Gjes,Serrano Bulldog
Helene Torp,67,baf1111jk,Emilveien 3,4347,Høy,Pudelpointer
Amalie Nilsen,47,+47 12 36 68 72,Juliesgate 1,3631,Nær,Pixiebob
Henrik Kristoffersen,57,05 24 70 48,Søndre Blåveishagen 20,6012,Tand,New Guinea Singing Dog
Jenny Fjeld,51,ktptjo7q,Tuvas Gate 5,3215,Tand,Cimarrón Uruguayo
Marie Bakken,36,19 96 96 00,Vestre Torgringen 88,0596,Lille,Rhodesian Ridgeback
90,08 72 61 59,Nedre Høysvingen 22,2358,Fet,Himalayan
Mia Nordskaug Sr.,91,020 11 218,Fiolskogen 1,0107,Sand,Somali
Celine Berg,66,+47 09 59 10 01,Celinesgate 6,6985,Inn,Siamese
Tiril Nguyen,83,+47 07 39 92 84,Blåveisskrenten 3,0936,Nord,Sphynx
Benjamin Aalerud IV,74,040 35 027,Geiteryggstien 19,6346,Gjes,Rough Collie
Sondre Gundersen,48,028 25 098,Gamle Damplassen 7,2956,Stav,Russian Blue
Oliver Kleven III,15,08 14 09 45,Jennygata 16,0203,Tand,Kurilian Bobtail
Even Røed,89,+47 09 19 50 75,Gamle Rognesvingen 72,3851,Nær,Himalayan
Camilla Nygård,74,09718573,Sofieveien 5,8173,Nord,Basenji
Madeleine Vedvik IV,48,15 68 28 85,Rognevika 61,6058,Tand,Egyptian Mau
Prof. Theodor Karlsen,46,+47 04 25 33 09,Søndre Heggetjernet 2,4360,Mal,Bucovina Shepherd Dog
56,71802595,Husebygata 7,2310,Vest,Thai
Helene Berg,64,09 95 56 83,Helenegata 82,5263,Ut,Chartreux
Lucas Moe I,18,151 97 450,Gamle Soltunet 2,1388,Mal,Singapura
Anna Solberg,75,17 51 92 65,Øvre Fiolmoen 60,0569,Lille,Braque Francais
Mats Smogeli,52,02727292,Vestre Konvalleggen 27,0809,Fet,Cão de Gado Transmontano
Sunniva Jakobsen,58,09153929,Østbygata 62,0978,Mal,Himalayan
Helene Edvardsen,56,+47 03 84 10 10,Strandsvei 08,0381,Fet,Ratonero Valenciano
Prof. Oda Olsen,92,o3my8v9ca,Andreass Vei 02,3104,Fet,Cornish Rex
Martin Andresen,74,010 57 140,Malmekra 54,0489,Nær,Serbian Hound
Even Vegge I,59,+47 18 36 02 87,Martegata 16,6728,Vest,Romanian Raven Shepherd Dog
Leah Olstad,52,05 35 61 17,Bekkesvingen 6,0529,Tand,Maine Coon
Julie Amundsen I,55,147 94 730,Maries Gate 43,4338,Nær,Singapura
Sander Moe,77,12125638,Granmarka 35,0475,Ut,Berger Picard
Andrea Carlsen,51,+47 13 62 62 74,Korstunet 2,5499,Mal,undefined
Kasper Kleven,68,17 14 42 97,Østbys Gate 7,5825,Ut,Russian Blue
Selma Jakobsen,66,09 01 08 20,Gamle Torgbakken 99,4884,Tand,Bombay
Even Solberg,78,14241095,2015,Ut,American Curl
Emil Tangen,90,04 87 65 42,Nedre Elveskrenten 1,4599,Ut,Maine Coon
Andrea Wold,58,193 28 131,Gamle Kugropa 5,8398,Sand,Istrian Shorthaired Hound
Hanna Krogh,35,022 40 036,Lundesgate 89,0709,Høy,Bombay
Dr. Sander Østby III,46,07551002,Vestre Fossestubben 6,0781,Stav,Siamese
Martine Kristoffersen,69,04298620,Danielsens Gate 6,0149,Lo,Portuguese Water Dog
Silje Thoresen,68,null,Søndre Solkollen 61,0688,Fet,Sphynx
Eline Berge,87,190 33 850,Hestemyrringen 6,0226,Mal,Chinese Chongqing Dog
Marte Rasmussen,31,00770224,Malmstien 0,6063,Tand,Bouvier des Flandres
36,49 85 18 99,Vestre Granhavna 4,8039,Lo,Egyptian Mau
Dr. Emilie Karlsen,44,997 61 988,Østre Brutjernet 01,5380,Stor,Bosnian Coarse-haired Hound
Dr. Helene Andersen,46,+47 07 62 56 15,Nordbygata 4,3699,Stor,Singapura
Even Berntsen,38,00019931,Fjelds Gate 98,7867,Sand,Burgos Pointer
Linnea Sørlie,28,tiquj2z7d,Karolines Vei 89,4289,Stor,Indian Spitz
Eline Gran,37,18195109,Gamle Granitttoppen 6,2537,Nær,Doberman Pinscher
Henrik Johannessen,85,08 78 70 63,Søndre Vasshaugen 2,1854,Sand,Bengal
Mikkel Aasen,82,507 49 537,0705,Lo,Minskin
Dr. Jonathan Stensrud IV,46,161 23 258,Moegata 85,6541,Vest,Border Collie
Linnea Halvorsen,19,11655756,Damholtet 8,0976,Ut,Hygen Hound
Filip Johnsen,30,null,Kueggen 97,0593,Stav,Wirehaired Vizsla
Maja Vedvik,62,09811538,Berntsenveien 4,6426,Vest,Maltese
Maria Eide,29,053 63 147,Benjaminsgate 56,0678,Mal,Norwegian Elkhound
Aksel Andersen,67,16923767,Vestre Prestelyngen 3,7558,Stor,Sarabi dog
Even Glosli,31,null,Svendsenveien 80,1300,Høy,Egyptian Mau
Prof. Henrik Johansen,59,182 77 658,Gamle Vasslia 4,0034,Gjes,undefined
Frida Løken,26,08474510,Aurorasvei 5,1833,Mal,Bengal
Kristine Haukelidsæter I,80,076 52 384,Fossebakken 3,0194,Lille,Japanese Spitz
Sandra Lie,76,+47 02 58 34 06,Jørgensensvei 0,0652,Lille,Austrian Pinscher
Prof. Martin Carlsen,73,08812632,Olsengata 3,0010,Sand,Mackenzie River Husky
80,25705380,Olivers Gate 19,0747,Nord,Norwegian Forest Cat
Madeleine Jørgensen,27,+47 19 16 61 00,Vestre Geiteryggmyra 84,2494,Sme,Lakeland Terrier
Anders Wold,72,03588351,Saragata 41,7292,Fager,Brussels Griffon
Aurora Ryan,31,+47 17 24 58 54,Solroa 5,3629,Inn,Turkish Angora
Mia Aalerud,66,14079488,Søndre Damhøgda 1,8136,Fager,Donskoy
Sebastian Mathisen IV,69,16747433,Mathiassgate 4,0668,Ut,Toyger
Jakob Jørgensen,88,400 31 283,Malinsgate 8,5727,Inn,Bosnian Coarse-haired Hound
83,645 87 025,Nordskaugsvei 46,8833,Stor,Scottish Fold
Helene Solli,80,046 77 666,Vestre Blåveiskroken 3,9611,Stav,Oriental
Erik Sørlie,18,04 60 40 88,Håkonsgate 93,0175,Stor,Highlander
Sofie Haukelidsæter Jr.,28,13097267,Blåveisåsen 0,1614,Mal,Old English Terrier
Alexander Stensrud,17,+47 19 12 86 27,Søndre Presterøa 1,0389,Stor,Toyger
Eirik Danielsen,84,18 81 39 85,Smedsrudgata 7,6953,Nord,Somali
Dr. Ida Andresen,18,85698545,0273,Tand,Russian Blue
Mats Vedvik,84,02797667,Andreasveien 8,0203,Ut,undefined
Maria Amundsen,49,030 08 026,Søndre Torgspranget 81,3241,Lo,American Wirehair
Prof. Filip Solberg,83,+47 15 13 36 07,Nguyengata 22,7601,Ut,Egyptian Mau
Martin Skuterud,67,114 25 352,Litjspranget 0,8498,Høy,Highlander
Marte Moen,26,+47 04 77 13 98,Østre Lillespranget 43,4364,Nær,Bluetick Coonhound
Johannes Ruud,49,11 35 42 47,Mathildes Vei 3,9508,Stav,Burgos Pointer
Tuva Haukelidsæter,36,+47 32 11 97 40,Søndre Tingvika 53,9552,Mal,Grand Anglo-Français Blanc et Orange
Silje Rasmussen,61,14 47 17 02,Øvre Torglyngen 7,0515,Fet,Balinese
Lucas Østli,59,150 97 078,Konvallrøa 49,9146,Sme,Balinese
Simen Berge II,18,+47 04 67 41 61,Ødegårds Gate 21,7195,Nord,Pug
Ida Nielsen,47,+47 04 17 99 36,Isakgata 9,1993,Tand,Egyptian Mau
Madeleine Hansen,20,+47 06 77 54 53,Bjørkemyra 9,7541,Nær,Tyrolean Hound
Aksel Nilsen,94,+47 16 73 29 33,Emmas Vei 93,0157,Gjes,Balinese
Dr. Eirik Wold Jr.,83,null,Ødegårdgata 13,0931,Høy,Standard Schnauzer
Dr. Jonas Fredriksen,34,115 17 227,Bruringen 1,0862,Inn,Bakharwal dog
Sondre Johnsen IV,61,00 90 58 38,Vestre Geiteryggmarka 9,6430,Fet,Havana
Aurora Nguyen II,74,07389282,Korslunden 87,1639,Tand,Kurilian Bobtail
80,+47 63 39 75 52,Noahsgate 8,3586,Ut,Devon Rex
Nora Solberg,72,+47 16 50 08 50,Stensrudsvei 75,5021,Sme,Pixiebob
Eirik Edvardsen,42,05 72 86 34,Nedre Torgrøa 0,2120,Inn,Anglo-Français de Petite Vénerie
Erik Ryan,44,03211586,Fossums Vei 79,0613,Nær,Serengeti
Ole Kristensen,41,067 78 479,Hestemyrhøgda 2,0796,Lille,Silken Windhound
Joakim Kristiansen,82,11715254,Lillestubben 08,4268,Sand,Bohemian Shepherd
Dr. Hedda Krogh Jr.,33,134 52 901,Kirkesvingen 5,0894,Nær,Vizsla
Dr. Celine Kristiansen,41,069 48 806,Vestre Bjørkehøgda 0,0542,Fager,Cão da Serra de Aires
Sebastian Solli,50,11787696,Søndre Konvallringen 83,0145,Sand,Japanese Bobtail
Kaja Smedsrud,75,12517095,Sondregata 22,0890,Sand,Rafeiro do Alentejo
Aksel Strand,43,05 97 68 94,Vestre Høystien 4,0454,Fager,Thai
Kristian Hopland V,30,null,Rognekroken 74,4952,Fager,British Shorthair
Sofie Stensrud,15,wkgoegl26,Konvallsvingen 49,0782,Fet,Bombay
Camilla Berg,41,334 32 798,Gamle Geiterygghaugen 34,0031,Inn,Braque de l'Ariège
Emma Tangen,65,895 83 387,2825,Nord,Turkish Van
Vilde Jørgensen,73,16 55 01 28,Nedre Bekkegjerdet 05,8003,Tand,Somali
Lucas Fjeld,73,07 83 62 17,Elverøa 72,0700,Stav,Devon Rex
Sara Kleven,91,+47 07 16 67 99,0056,Mal,LaPerm
Aurora Johannessen IV,16,+47 16 58 32 40,Øvre Bekkeflata 7,8476,Ut,Maine Coon
Dr. Thomas Kristiansen,49,033 26 115,Nedre Lilleekra 33,2285,Fet,Ragdoll
Vilde Mathisen,16,03185277,Østre Tingstien 7,2045,Sme,Serengeti
Lars Arnesen,24,+47 04 21 38 50,Søndre Høyvika 92,0289,Høy,Chausie
Eirik Christiansen,74,03 55 69 13,Vasslyngen 57,0118,Høy,undefined
Helene Myhrer,87,+47 01 03 74 55,Torgersens Gate 2,8078,Tand,Havana
53,208 12 647,Østre Torgkollen 21,0473,Høy,Burmese
Prof. Henrik Svendsen I,34,706 04 479,Gransvei 4,0278,Tand,Danish-Swedish Farmdog
Sindre Lunde,49,07702280,Elisesvei 07,0042,Ut,Serengeti
Lucas Mathisen Sr.,27,25107180,Søndre Granhøgda 32,3780,Høy,Pont-Audemer Spaniel
Sindre Rasmussen,45,+47 05 97 48 21,Grans Vei 2,5539,Sand,Old English Sheepdog
Helene Aasen,47,14 47 44 83,Øvre Brugjerdet 2,0308,Stav,Kuvasz
Mathilde Strand,78,+47 16 86 92 03,Malins Vei 9,0664,Tand,Lithuanian Hound
Sondre Jakobsen,33,+47 49 23 29 79,Bakkens Vei 61,8052,Lille,Flat-Coated Retriever
Martine Aalerud,69,17 12 24 49,Søndre Rogneholtet 3,0207,Nord,Kaikadi
Mathilde Kristiansen,77,04 20 00 95,Liesvei 66,0715,Høy,Snowshoe
Aksel Holm,31,03 45 58 05,Geiteryggåsen 8,5362,Stor,English Setter
Noah Arnesen III,44,08852246,0772,Sand,Kurilian Bobtail
Camilla Haukelidsæter II,55,+47 64 16 95 07,Vestre Torgstranda 7,2875,Tand,Russo-European Laika
Karoline Østby,88,+47 06 44 82 50,Elisegata 7,2445,Lille,Donskoy
Lars Jørgensen,52,031 51 640,Bakkegata 05,3772,Mal,Cornish Rex
Sofie Strand,82,19155193,Adriansvei 0,0115,Stor,Maine Coon
Marte Gundersen,59,182 09 829,Høyringen 4,4035,Sme,Egyptian Mau
Tobias Andersen,26,+47 12 11 56 10,Furualléen 77,5795,Vest,Estonian Hound
Karoline Nilsen,46,152 26 008,Jakobsenveien 1,0700,Vest,Terrier Brasileiro
Prof. Magnus Bjørnstad,43,085 16 062,Torgåsen 23,0467,Høy,Singapura
Prof. Oda Hansen,76,18 70 20 48,Akselsvei 30,0913,Lille,Spanish Water Dog
William Aasen,45,11323665,Øvre Graneggen 3,2602,Tand,Norwich Terrier
Anders Røed,42,19 03 15 30,Torgsvingen 89,6881,Nær,Cardigan Welsh Corgi
Karoline Ryan,17,18 13 11 92,Olstadveien 07,0091,Nord,Savannah
Ole Krogh,87,140 48 386,Sørensensgate 1,0932,Sand,Cursinu
Emilie Holm,58,+47 09 16 58 52,Hannasvei 7,0393,Tand,Cão Fila de São Miguel
Martine Andresen,19,null,Kirketunet 5,8740,Nær,Ragdoll
Malin Moen,94,+47 16 21 22 02,Hermanveien 15,0195,Vest,Ratonero Mallorquin
Nikolai Thoresen,26,11044361,Gundersengata 40,8778,Nær,Austrian Pinscher
Hedda Bakke,78,89 82 88 90,Odas Gate 63,8866,Lille,Styrian Coarse-haired Hound
Emil Vegge II,22,12 98 99 48,Rognemyra 6,2384,Inn,Manx
Mina Vegge,60,09312852,Bjørkemarka 5,2645,Nær,Minskin
Lars Aasen,16,+47 15 57 05 42,Eides Gate 8,8393,Stav,Lithuanian Hound
Mari Torp,41,981 72 502,Fossestranda 5,0591,Lo,Cirneco dell'Etna
Martine Martinsen,16,011 67 994,Malmmarka 7,0979,Fet,Slovenský Cuvac
Sander Andersen,85,03632017,Kuberget 1,0296,Inn,Siamese
Joakim Svendsen,53,187 63 155,Solbergs Gate 26,1111,Mal,Skye Terrier
Kristoffer Fjeld,54,076 86 037,Emilsvei 8,4436,Sme,Siamese
Marius Røed,26,00991025,Gamle Bekkevika 9,1993,Inn,Golden Retriever
Jenny Tangen,32,11 58 12 72,Østre Solduggalléen 69,6080,Fet,Nebelung
Markus Smedsrud,23,+47 02 11 11 75,Sørensensvei 8,2279,Nær,Russian Toy
30,83578923,Geiteryggtjernet 43,9203,Stav,Savannah
Dr. Maria Smogeli,67,08471731,Øvre Blåveisberget 52,8003,Ut,Siberian
Kaja Lunde,86,009 81 272,Prestestien 72,0521,Tand,Volpino Italiano
Marte Østli,70,142 92 774,Fredriksensvei 1,0873,Inn,Petit Basset Griffon Vendéen
Johannes Glosli,75,+47 08 02 62 81,Lilleplassen 2,0240,Høy,Sphynx
Oliver Johannessen,26,16 92 60 20,Østre Korsgrenda 11,5105,Nord,Norwegian Elkhound
Dr. Thomas Myhrer II,37,65 02 45 05,Kristensens Gate 08,0865,Fager,Flat-Coated Retriever
Nora Fossum,76,12998777,Sunnivaveien 61,0524,Høy,Exotic Shorthair
Martine Nilsen,64,266 41 261,4579,Sme,Turkish Angora
Maria Bakken,74,+47 07 93 74 52,Fridaveien 44,2294,Stav,Spanish Water Dog
Jonas Ruud,54,d7s1fua47,Benjamins Vei 13,0970,Inn,Maine Coon
Victoria Jensen,78,088 04 079,Nordbyveien 1,7802,Nær,Ojos Azules
Prof. Celine Østli Jr.,75,022 16 797,Kristoffersenveien 88,5252,Mal,Alaskan Klee Kai
Kristian Edvardsen,24,09 26 50 20,Emiliesgate 93,0853,Fager,Cão da Serra de Aires
Marie Vedvik,56,06107700,Sjøalléen 28,8843,Tand,Ragdoll
Aurora Eriksen,71,069 55 095,Ødegårds Vei 50,4776,Høy,Grand Basset Griffon Vendéen
Andrea Nilsen,44,14 24 73 39,Geiteryggstien 2,3691,Nord,Border Terrier
Frida Christiansen,16,170 64 540,Gamle Blåveishaugen 05,8847,Inn,Lancashire Heeler
Markus Dahl,62,+47 14 54 63 93,Nordskaugs Vei 28,7321,Nær,American Shorthair
Oliver Bakken IV,68,+47 14 54 41 67,Smogelis Vei 9,0265,Vest,Austrian Black and Tan Hound
Lucas Glosli,26,16257101,Kristoffers Vei 1,4473,Nord,Turkish Angora
Kristian Kristensen,86,170 49 840,Søndre Heggestubben 46,4704,Lo,Gull Terrier
Adrian Finstad,49,15 13 23 07,Gamle Heggehagen 0,0249,Fager,Serengeti
Marie Røed,74,09967928,Søndre Litjalléen 06,0822,Nord,Kromfohrländer
Anders Lunde,46,+47 14 66 81 76,Solstien 61,0670,Inn,Manx
Thomas Bakken,55,05016484,Vestre Granlyngen 59,0451,Lo,Tonkinese
Andrea Eriksen,49,163 04 431,Gamle Solhagen 18,5149,Høy,Greenland Dog
Amalie Jørgensen,94,08 88 31 21,Nordskaugsvei 0,0636,Nord,Lithuanian Hound
21,989 89 299,Gamle Sjøholtet 6,6264,Tand,Segugio Maremmano
Anna Røed,52,008 87 408,Larsensvei 9,0016,Sme,Maine Coon
Dr. Anna Sørensen II,75,24413906,8352,Fager,Billy
Ida Andreassen,60,17 10 18 57,9382,Lo,Estrela Mountain Dog
Elias Aalerud,92,04516009,Eriksenveien 91,1095,Sme,Chilean Terrier
Dr. Maja Kristoffersen,31,+47 07 57 36 04,Rognetunet 6,5171,Ut,Siberian
Prof. Leah Nilsen II,88,07 13 32 39,Jørgensvei 07,0599,Lo,Coton de Tulear
Kaja Nilsen,79,+47 13 38 37 17,Bekkestykket 21,7329,Nær,Turkish Van
Mathilde Borge Sr.,47,072 25 473,Granhagen 2,7452,Stav,Trigg Hound
Isak Andersen IV,86,00 83 26 55,Holmsvei 3,0399,Nord,Otterhound
Dr. Joakim Jakobsen,70,39 73 39 63,Nedre Fiolhøgda 5,9345,Fet,Maremmano-Abruzzese Sheepdog
Kristian Lie,66,01461792,Idaveien 30,7836,Fager,Treeing Tennessee Brindle
88,+47 33 06 48 12,Mathiass Vei 5,0777,Vest,Siamese
Even Sæther,69,08898842,Miaveien 9,0750,Stav,Gull Dong
Emma Lunde,41,+47 10 83 43 54,Smedsrudveien 8,4206,Ut,Yakutian Laika
Theodor Moen,26,091 35 136,Emilies Gate 80,9510,Stav,Podenco Canario
Prof. Vilde Finstad,26,03 23 95 90,Bergsgate 20,0723,Gjes,Blue Lacy
Celine Moen,58,19036936,Elvekroken 99,9117,Mal,Czechoslovakian Wolfdog
Even Sørensen,44,+47 00 58 78 11,Østbyveien 7,0829,Vest,Norwegian Forest Cat
Kaja Smogeli II,17,+47 08 73 78 32,Christiansens Vei 80,6184,Sme,Egyptian Mau
Marius Skoglund,18,+47 17 74 07 27,Øvre Klokkerekra 65,0079,Sme,Chausie
Oliver Halvorsen,76,153 09 224,Damløkka 3,0159,Vest,Garafian Shepherd
Sondre Hagen,37,10864377,Mariveien 3,0263,Stor,Donskoy
Ole Borge,91,+47 09 54 89 05,Vegges Vei 17,2524,Lo,Treeing Cur
Sondre Hopland Sr.,49,111 42 432,Evengata 3,3594,Høy,Black Russian Terrier
Tiril Mathisen,63,null,Fossumsvei 28,6402,Lille,Bichon Frisé
Camilla Haugen,71,00938343,Jørgens Gate 28,8133,Stor,Himalayan
Mats Østby,57,045 08 766,Tirils Vei 9,2832,Høy,Russian Blue
Sindre Moe,95,19633705,Østre Vassalléen 9,5992,Lille,Peterbald
Julie Solli,69,223 89 992,Carlsens Gate 58,5623,Inn,Styrian Coarse-haired Hound
Isak Finstad,63,+47 04 39 73 96,Matssvei 71,0307,Fager,Rough Collie
Oda Hopland,45,04982145,Malmskrenten 37,1316,Ut,Ratonero Valenciano
William Fossum,64,06485372,Blåveisstykket 8,1655,Stor,Kaikadi
Kristoffer Wold Jr.,80,12 82 60 82,Filips Gate 3,5704,Ut,Norwegian Lundehund
Marte Østli,61,15555866,Joakimgata 74,2777,Lille,Cane di Oropa
41,+47 44 75 57 78,Sofiesvei 96,3641,Mal,Smooth Collie
Mina Nielsen,41,+47 13 17 12 18,Karolines Vei 78,0737,Nord,Nebelung
Eline Nguyen,50,13 25 60 50,Østre Eikegropa 43,6685,Lille,Selkirk Rex
Dr. Karoline Holm,53,10 19 60 24,Leahs Gate 5,6027,Lo,Birman
74,+47 10 66 38 68,Alexanders Gate 1,0914,Nord,Georgian Shepherd
Dr. Tuva Sørlie III,58,01 13 44 20,Vestre Furustien 0,1667,Nær,American Curl
Nikolai Andersen,32,16137728,Sjøstien 7,7301,Inn,Manx
Ida Gundersen,25,125 22 579,Vestre Litjhagen 54,0416,Sand,Kuvasz
Johannes Bakke,68,12 43 77 66,Gamle Granhaugen 4,9899,Vest,Egyptian Mau
Elise Nilsen,66,109 43 762,Vestre Rognespranget 18,8652,Tand,Exotic Shorthair
Andrea Karlsen,42,+47 13 17 04 82,Furuflata 7,9097,Sme,Tonkinese
Sofie Arnesen,75,195 32 049,Martinsgate 3,5687,Tand,Thai
Anders Jakobsen,89,jcv627vpg,Hestemyrringen 03,2170,Ut,Romanian Raven Shepherd Dog
Filip Haugen,88,11 05 80 37,Natalies Vei 7,2439,Sme,Devon Rex
Sara Gundersen,21,03 25 70 67,Gamle Sjøekra 1,3127,Ut,German Shorthaired Pointer
Sindre Krogh,85,112 06 784,Alexandersvei 09,0247,Stav,Nebelung
Thomas Berntsen,65,00903076,Gamle Torgstranda 45,8305,Inn,Basenji
Martine Fjeld,64,03 78 86 17,Eikegata 0,0763,Stav,Siberian
Tobias Østli,68,+47 14 67 42 22,Tingspranget 11,2222,Lo,American Curl
Mikkel Huseby,73,mji2d0ns,Nguyensvei 8,2842,Tand,Himalayan
Aksel Aalerud,27,115 12 613,Miasgate 54,0578,Sand,American Shorthair
Alexander Torgersen,39,00453413,Haukelidsætersgate 55,8628,Vest,Styrian Coarse-haired Hound
Elias Danielsen,42,+47 15 35 00 70,Johannessens Vei 4,1495,Fet,Savannah
Prof. Thea Haukelidsæter,16,054 84 505,Nedre Rognebråten 1,8635,Nær,Šarplaninac
Håkon Mathisen,69,03 66 78 60,Solstranda 72,0077,Tand,Samoyed
Mathilde Torp,90,yck9gdub,Søndre Granitteggen 66,9636,Sand,Turkish Van
62,51004139,Gamle Fossejordet 79,0932,Nord,Siberian
Kasper Glosli,26,059 68 152,Korsmarka 48,7769,Fager,Tamaskan Dog
Natalie Hopland,44,07628781,Østre Grankollen 05,2499,Inn,Cornish Rex
Adrian Tangen I,28,083 67 844,Heddaveien 2,0903,Sand,Somali
Dr. Theodor Strand,43,05768369,Gamle Heggelia 3,0564,Inn,Komondor
Camilla Nordby,62,+47 14 46 45 44,Alexandersvei 8,5925,Høy,Peterbald
Mats Haukelidsæter,40,045 83 495,Kroghsvei 24,0750,Høy,Devon Rex
Victoria Sæther,52,16422462,Øvre Fiolspranget 64,3656,Fet,Ojos Azules
Dr. Camilla Torgersen III,83,05001165,Moesgate 5,0578,Sand,Anglo-Français de Petite Vénerie
Silje Solheim,16,400 27 733,Gamle Heggestranda 2,1934,Fager,Braque Saint-Germain
Mathilde Eide,40,101 63 147,Blåveislyngen 02,9467,Tand,Kai Ken
Jonathan Dahl III,50,09 74 04 64,Henriksens Vei 3,7127,Nær,Silken Windhound
Emil Fredriksen,60,00 34 27 71,Liesgate 7,0105,Gjes,Bergamasco Shepherd
Dr. Nora Torp,26,01 53 05 68,Jensensgate 48,0071,Vest,Carpathian Shepherd Dog
Ida Henriksen,50,110 14 898,Bakkeveien 97,2584,Tand,Singapura
Mathias Fjeld IV,83,03 05 29 00,Thomasgata 5,8046,Nord,Norfolk Terrier
Martine Myhrer,57,079 14 433,Johansens Gate 8,0786,Tand,Bombay
Kristian Fjeld Sr.,77,104 84 678,Bekkerøa 1,4376,Høy,Kaikadi
Lars Stensrud,19,+47 09 91 02 04,Bjørkeekra 5,0949,Lo,Oriental
Markus Moe,71,07397210,Blåveisberget 81,2882,Mal,Chausie
Adrian Kleven,59,19509536,5051,Ut,Pumi
Tobias Finstad,59,103 69 005,Hoplands Vei 03,5297,Sme,Balinese
Celine Johannessen,88,129 55 533,Furuhaugen 85,0137,Sme,Kai Ken
86,14711697,Hansens Vei 32,8816,Fager,Perro de Presa Canario
Maja Martinsen,67,18397849,Mariuss Gate 68,0348,Tand,Ragdoll
Linnea Halvorsen,46,10 72 72 98,Røedveien 6,3578,Lo,Pampas Deerhound
Mia Andersen II,38,16 87 89 68,Korstoppen 73,0920,Nord,Pointer
Sebastian Fredriksen,55,+47 03 62 79 78,Bergegata 40,5154,Tand,Rottweiler
Jenny Johnsen,74,113 93 042,Larsgata 31,7210,Lo,Birman
Frida Smogeli,56,+47 17 63 73 13,Hannas Vei 5,9643,Ut,Bergamasco Shepherd
Leah Vedvik,66,059 06 684,Fridagata 64,3672,Vest,New Guinea Singing Dog
William Pettersen,62,+47 16 96 44 37,Synnesgate 2,0904,Fet,Singapura
Herman Nordskaug,79,+47 02 03 87 80,Noras Gate 0,0246,Lille,Smalandstövare
Mats Rasmussen IV,76,d0wk8n2nb,Siljesgate 9,2758,Lille,Sabueso Español
Maja Arnesen,69,10288305,Nedre Torgfaret 86,0049,Ut,Maine Coon
Magnus Carlsen,30,+47 13 79 65 05,Rasmussenveien 5,9991,Nær,Volpino Italiano
Herman Andresen,83,vi4fkbysa,Haugensgate 8,6312,Sand,Maine Coon
Marius Nordskaug,80,38051953,Håkons Gate 46,9231,Gjes,Russo-European Laika
Madeleine Skuterud,44,+47 27 65 70 82,0904,Sme,Siamese
Sara Fossum Jr.,86,12859508,Vestre Fossehøgda 0,5233,Sme,Ojos Azules
Julie Arnesen,25,+47 18 39 31 94,Vassjordet 47,7350,Lo,Somali
Jonas Johnsen,45,030 08 216,Kristiangata 6,1701,Lille,Turkish Angora
Eline Kvarme,73,null,Carlsensvei 7,9319,Stav,Afghan Hound
Mia Svendsen,90,016 96 992,Gamle Sjøringen 12,5624,Lo,Turkish Van
Simen Jakobsen,22,+47 02 64 97 23,Mikkels Gate 06,0875,Sand,Thai
Filip Pettersen,17,+47 00 95 58 71,Hestemyrroa 0,9350,Vest,West Siberian Laika
Benjamin Løken,20,null,Søndre Høymarka 45,0493,Fet,Chartreux
Vilde Strand I,82,03 52 38 90,Haukelidsætergata 45,5610,Stav,Donskoy
Herman Jørgensen,89,00816710,Konvalleggen 3,6132,Inn,Havana
Kristoffer Holm Jr.,73,12434920,Christiansensvei 6,0906,Mal,Basset Artésien Normand
Oda Solheim,27,12174010,Furuhavna 95,0056,Sand,German Spitz
Mia Kristensen,23,03 40 67 97,Øvre Geiteryggvika 4,6428,Tand,Vizsla
Prof. Sebastian Thoresen,38,13762956,Bjørkelyngen 90,5517,Nord,Selkirk Rex
Erik Østby,59,+47 01 46 18 22,Eides Gate 6,4666,Inn,Scottish Fold
Adrian Evensen,79,049 06 004,Korsgropa 7,0165,Vest,Saint Bernard
Dr. Lars Andersen,72,054 25 465,Auroras Vei 4,0748,Mal,Chausie
Sunniva Andreassen,66,19464083,Granittløkka 6,0920,Lille,Ragdoll
Filip Pettersen,25,+47 03 50 60 48,Østre Bruskogen 5,3575,Vest,Basque Shepherd Dog
Helene Berg,63,18 06 11 17,Hestemyrstranda 95,3451,Fager,Minskin
Dr. Sofie Ødegård,90,070 47 476,Nedre Granittberget 33,0196,Tand,Vizsla
Mina Rasmussen,48,119 73 414,Theas Gate 63,1335,Sme,Ratonero Valenciano
Jakob Sørlie,22,+47 15 53 41 30,Nilsens Vei 0,0509,Lo,Munchkin
Sander Dahl,22,00182376,Thomassgate 5,8785,Stor,Old English Sheepdog
Erik Sæther IV,45,10 41 75 52,Jensensgate 1,0840,Mal,Braque Francais
Aksel Glosli,30,03 70 23 18,Benjaminsvei 22,4048,Sand,Weimaraner
Linnea Kristensen,87,04 96 31 01,Solduggstykket 7,2811,Lille,Sokoke
Aksel Kristiansen,70,+47 04 61 41 36,Gamle Korshavna 5,2739,Gjes,undefined
Maria Glosli,71,08 04 40 05,Hannasgate 5,4858,Sme,Black and Tan Coonhound
Daniel Fredriksen,57,+47 19 41 12 01,Hagens Vei 76,5483,Stav,Porcelaine
Prof. Linnea Glosli,43,01180767,Øvre Heggesvingen 04,8687,Ut,Cão da Serra de Aires
Benjamin Thoresen II,61,+47 08 06 58 75,Nordbys Vei 93,1739,Fager,Chinese Crested Dog
Oskar Nordskaug,47,+47 10 88 04 02,Smedsrudsgate 59,7216,Stav,Rafeiro do Alentejo
Prof. Mia Solli,50,null,Elisesgate 12,3693,Tand,Yakutian Laika
Elise Gundersen,77,17641766,Malinsvei 4,6837,Ut,Ragdoll
Mathias Solli,36,+47 02 75 84 37,Selmaveien 06,7478,Nord,Cairn Terrier
79,+47 59 01 01 28,Aalerudsvei 20,7116,Vest,American Curl
Isak Evensen,53,+47 13 25 52 79,Anderss Vei 16,2242,Fager,Cantabrian Water Dog
Eline Fredriksen,48,01699009,Brustubben 78,3410,Fager,Russo-European Laika
89,+47 64 07 13 20,Rognehagen 12,9068,Fager,Akita
Isak Pettersen,47,161 86 508,Camillas Vei 8,5820,Fager,Poodle
Victoria Kleven,37,+47 18 50 01 52,Andersveien 99,0664,Nord,Turkish Van
Theodor Berge,90,07 45 32 66,Vestre Blåveisjordet 1,1715,Lille,Berger Picard
Elise Jakobsen,37,+47 19 67 51 05,Oles Vei 9,0776,Vest,Tornjak
Anders Amundsen,43,19 24 90 04,Kuplassen 7,4557,Mal,Russian Blue
Lars Thoresen,28,+47 17 84 52 94,Andresengata 68,5487,Stav,Pungsan Dog
Fredrik Glosli,23,02878146,Elveflata 97,1981,Inn,Cornish Rex
Håkon Borge,91,09 50 79 84,Kaspergata 6,6052,Stor,Thai
Malin Ruud,46,04972610,Pedersensvei 41,7098,Mal,Sphynx
Dr. Thomas Moe,32,+47 16 12 87 15,Fossevika 0,4063,Stor,Shetland Sheepdog
Eirik Nguyen,89,83 78 36 95,Kristineveien 89,0050,Tand,Grand Anglo-Français Tricolore
Emil Nielsen,30,null,Nedre Solduggsvingen 79,0352,Sme,Minskin
Dr. Sondre Solberg Sr.,24,17 96 14 37,Vestre Vassgropa 37,9052,Nær,Rat Terrier
Maja Johannessen,91,+47 06 56 09 45,Celines Vei 09,0437,Gjes,American Wirehair
Oliver Andreassen,37,tmdioi0tp,Thomass Gate 09,0592,Sand,Japanese Bobtail
Maren Torgersen Jr.,29,03 19 30 29,Hannas Vei 8,1748,Stor,Snowshoe
Herman Lunde,71,14 59 36 91,Torgersengata 8,0447,Fager,Burmese
Filip Fossum,63,143 90 946,Tangens Vei 16,0342,Høy,Dogo Sardesco
Prof. Celine Christiansen Sr.,67,534 37 940,Ingridsvei 23,4373,Tand,Beagle-Harrier
Ida Lunde,82,10078753,Eikespranget 4,0078,Vest,Minskin
Nikolai Carlsen,60,+47 18 11 21 56,Malmfaret 48,6006,Stor,Posavac Hound
Simen Karlsen,59,147 35 305,Høystien 01,4509,Stav,New Zealand Heading Dog
74,4exxb3d5,Nedre Damhaugen 6,0153,Høy,LaPerm
Sindre Østli,81,12994696,Østre Damhaugen 99,5475,Ut,Balinese
Frida Jakobsen,87,pzv45tqt9,Sjøfaret 73,8890,Sand,Great Dane
Herman Smogeli,67,dpndqbhi1j,Nedre Heggeholtet 4,3228,Sme,Löwchen
Prof. Thea Johannessen I,37,00459940,Finstads Gate 31,0716,Stav,undefined
Karoline Smogeli,94,null,Camillagata 91,0082,Vest,Nebelung
Mats Torp,84,11 80 92 81,Gamle Bjørkevollen 62,7365,Ut,Maremmano-Abruzzese Sheepdog
Prof. Oliver Henriksen,56,145 29 895,Damstien 98,9928,Gjes,Cornish Rex
Nikolai Løken,84,+47 04 16 00 34,Theodors Vei 2,4758,Gjes,American Curl
Thea Bjørnstad,89,+47 11 98 37 22,Mathildes Vei 70,1147,Vest,Silken Windhound
Even Nordby,30,663 92 846,Søndre Prestetoppen 1,3479,Nord,Bosnian Coarse-haired Hound
Julie Pedersen,34,185 91 047,Lillekroken 16,9223,Høy,Styrian Coarse-haired Hound
Thea Kleven,24,null,Sandraveien 64,0705,Stor,Mountain Feist
Julie Johansen,50,5ooc6l04,Torglunden 00,5289,Lo,Pug
Julie Nielsen,66,080 03 059,Berntsenveien 9,2995,Sme,Ibizan Hound
Kaja Vedvik,77,142 46 937,Nedre Høyvika 9,2860,Gjes,Teddy Roosevelt Terrier
Henrik Huseby,81,19049222,Jakobsens Vei 2,8454,Gjes,Catalan Sheepdog
Camilla Fossum,84,19220863,Finstadsvei 6,7077,Tand,Villano de Las Encartaciones
58,+47 33 35 03 77,Matss Gate 89,3610,Sme,Ragdoll
Emilie Eriksen,25,60 18 61 12,9276,Høy,Abyssinian
Mathilde Haukelidsæter,60,10 14 44 22,Hestemyrkollen 12,3862,Gjes,British Shorthair
Sandra Bjerke,67,00923108,Thoresensvei 49,1798,Sme,Burmese
Karoline Haukelidsæter,20,13 22 83 79,Pettersensvei 3,5564,Lo,Thai
Selma Borge,91,10551251,Mariaveien 2,1871,Nær,Singapura
Emma Fredriksen,70,15 57 53 37,Sofies Gate 3,0463,Lille,Polish Tatra Sheepdog
Prof. Kaja Østli III,26,13317490,Karolinegata 6,0948,Mal,Leonberger
Benjamin Thoresen,72,08 79 51 33,Søndre Solduggengen 3,3557,Ut,Ratonero Murciano de Huerta
Mina Christiansen,16,07030857,Vildeveien 65,3058,Stav,American Bully
Aurora Dahl V,27,+47 15 50 60 40,Simensgate 0,3055,Mal,Greek Shepherd
Selma Dahl,25,12 26 35 60,Sindresgate 48,4630,Stav,Turkish Angora
Herman Kvarme,91,06617605,Kirkeløkka 9,2670,Vest,Sokoke
Elias Pedersen,31,18091254,Bruåsen 99,4288,Fager,Selkirk Rex
Jonathan Glosli,16,+47 16 70 83 53,Øvre Konvallholtet 10,9769,Fet,Manx

Sandra Sørlie,23,012 25 221,Tirilsgate 9,6274,Tand,Oriental
Filip Aas,28,177 80 929,Eidesgate 14,0584,Stor,Galgo Español
Natalie Lunde,92,13324036,Svendsengata 0,3140,Nær,Savannah
Sindre Dahl IV,62,067 26 192,Søndre Fururoa 71,3347,Sme,Devon Rex
Oliver Kleven,59,null,Rognelunden 56,0832,Høy,Pointer
Tuva Østli II,30,15492026,Gamle Malmspranget 9,0549,Stav,Old English Sheepdog
Nora Skoglund,90,10 59 25 79,Gamle Bekkevollen 61,6156,Fager,East European Shepherd
Andrea Torp,69,043 00 825,Nedre Litjbråten 5,1746,Vest,Villano de Las Encartaciones
Nikolai Skuterud,35,+47 16 96 64 64,Nedre Bekkevollen 75,0953,Inn,Snowshoe
Jonathan Nielsen,82,16078533,Damplassen 31,9285,Lo,Sphynx
Kristian Pettersen Jr.,78,null,Søndre Bjørkeholtet 6,5106,Vest,German Shepherd Dog
Amalie Larsen,25,+47 19 69 08 06,Østlisvei 49,3197,Stav,Labrador Retriever
Martine Olsen,51,19866269,Adrians Gate 7,0046,Lille,British Shorthair
Prof. Mathilde Carlsen,44,13101405,Hermans Vei 6,0726,Tand,Serengeti
Tiril Vedvik,48,yb16jfm6o,Kirkevika 16,4764,Lille,Tibetan Mastiff
Benjamin Christiansen,45,040 06 990,Nedre Eikevollen 33,6197,Gjes,Dogue de Bordeaux
Tuva Eriksen,73,000 34 286,Gamle Geiteryggsvingen 6,7758,Tand,American Water Spaniel
Maria Strand,23,+47 02 90 31 70,Øvre Tingalléen 1,1166,Lille,Thai
Dr. Nora Østby,65,+47 52 39 20 91,Bekkevika 23,8838,Gjes,Istrian Coarse-haired Hound
Kristoffer Kleven,56,00267599,Lillehavna 29,0315,Tand,English Toy Terrier
Jenny Aas,59,00 51 58 90,Geiteryggspranget 35,0583,Gjes,Japanese Bobtail
Ole Johansen,27,08 61 67 06,Brualléen 08,6736,Lille,Norwich Terrier
38,486 69 940,Larsenveien 7,0052,Lo,Small Münsterländer
Tuva Svendsen,31,180 35 239,Konvallstubben 8,5009,Stor,Balinese
Theodor Jacobsen,77,04 20 13 69,Pettersengata 7,0679,Stav,Mackenzie River Husky
Eline Glosli,65,12743337,Nedre Geiterygghagen 81,0963,Fet,Cornish Rex
Noah Berge,39,59066773,5799,Sme,Chinook
Mina Andreassen V,43,71 94 02 27,Bakkens Vei 3,8605,Mal,Anglo-Français de Petite Vénerie
Sara Halvorsen,82,19 64 91 29,Damberget 38,1004,Sand,Bombay
Nikolai Larsen,19,034 72 546,Granittstubben 52,0143,Fet,Munchkin
Mina Christiansen,80,81 72 81 47,Sæthers Gate 1,5375,Nær,Braque d'Auvergne
Dr. Marte Haukelidsæter,69,03919227,Veggesvei 32,0848,Fet,Peterbald
Prof. Theodor Skoglund,66,084 54 299,Berglyngen 04,5706,Sand,Barbet
36,33288183,Aasgata 9,1011,Lo,Portuguese Water Dog
Anna Stensrud,81,+47 14 49 02 17,Malmroa 4,0325,Sand,Pixiebob
Anders Svendsen,53,100 60 404,Nedre Geiterygglunden 33,4714,Sme,undefined
Even Borge,45,12290730,Heggehaugen 7,0616,Nær,Montenegrin Mountain Hound
Dr. Ole Nygård,67,19994950,Ruuds Gate 8,4691,Vest,Sphynx
Kasper Aalerud,27,084 44 157,Oskars Gate 66,3666,Inn,Russian Blue
Mina Johannessen,26,14543496,Øvre Vassskogen 8,0760,Sme,Havana
Elias Johannessen,89,172 42 298,Jonass Vei 1,6804,Fet,Snowshoe
Joakim Løken,16,10464091,Vestre Bekkebakken 0,0068,Mal,Indian Spitz
Lucas Lie,36,19 19 09 35,Lundesgate 92,2358,Lo,Jindo
Mathias Solberg,16,19407865,Gamle Kirkemarka 1,5072,Mal,Sphynx
Malin Jacobsen V,17,null,Solhavna 35,1501,Ut,Armant
Daniel Berntsen,35,11pk0bbvnr,Maries Vei 3,0313,Nord,Montenegrin Mountain Hound
Dr. Simen Jensen,63,043 34 212,Damlunden 7,0316,Mal,Chausie
William Bakken II,92,+47 17 26 32 03,Fossemyra 1,3683,Fet,Savannah
Prof. Mina Andresen,83,15 64 03 86,Kirkelyngen 8,8397,Stor,Persian
Jonas Holm,36,022 78 724,Klokkergrenda 49,4432,Inn,Persian
Magnus Olstad,85,169 19 094,Hagensvei 28,0581,Inn,Andalusian Hound
Thomas Johnsen,20,006 52 975,Litjeggen 8,3417,Fager,Exotic Shorthair
Magnus Vegge,47,15381926,Østre Fururoa 06,3251,Sand,Black Mouth Cur
Alexander Sæther,82,16381687,Mathildegata 38,5010,Stav,West Highland White Terrier
Camilla Moen,49,19736459,Nielsens Gate 29,0655,Mal,Australian Terrier
Tuva Kristiansen,69,644 21 333,0419,Stav,Portuguese Pointer
Maria Olsen,47,08474009,Haukelidsætergata 48,0326,Høy,Ocicat
Håkon Stensrud,48,10962597,Gamle Klokkervika 57,6917,Tand,Pachon Navarro
Tiril Skoglund,20,11 95 52 98,Søndre Bruløkka 44,1691,Høy,Basset Artésien Normand
Sara Skuterud,65,01775187,Dambakken 68,6628,Gjes,Old English Sheepdog
Lucas Fjeld,67,15 65 73 73,Søndre Bergstien 2,7448,Sand,Bombay
Kristine Lie,42,13 06 25 01,Jonassvei 21,2184,Nær,Thai
66,849 66 092,Gamle Klokkerløkka 57,0029,Inn,Abyssinian
Amalie Dahl,18,06305736,Østre Konvalltunet 96,0150,Nær,British Shorthair
Prof. Mari Jørgensen,19,029 65 324,Fjelds Vei 91,7179,Sme,Vizsla
Maren Holm,78,+47 16 31 49 87,Gamle Fiolbakken 47,0500,Sme,LaPerm
Sebastian Christiansen,65,05 03 21 85,Fridasvei 42,3084,Lo,Sphynx
Martine Henriksen I,52,+47 06 19 24 17,Adriangata 10,3308,Tand,Brittany
Sandra Berge,38,17 50 55 47,Finstadveien 44,2276,Nord,American Wirehair
Synne Myhrer,71,00584000,Vasshavna 4,2418,Inn,Cavalier King Charles Spaniel
Maren Rasmussen,36,null,Edvardsenveien 9,0179,Mal,Australian Kelpie
Dr. Jonathan Lie,41,+47 09 52 68 33,Bekkebråten 1,1268,Lo,Pumi
Mathilde Andersen,73,194 07 375,Leahveien 37,5665,Lille,English Springer Spaniel
Filip Mathisen,28,147 44 091,Sjøhaugen 7,2782,Lo,Griffon Bleu de Gascogne
Aurora Kristiansen,63,040 11 369,Smedsruds Vei 8,9992,Nær,Ojos Azules
Filip Fossum,35,+47 06 86 29 95,Vestre Blåveislunden 1,9986,Tand,Norwegian Elkhound
Anders Olsen,20,010 80 492,Eikestien 5,0756,Nord,Bombay
Even Arnesen,19,079 69 760,Granittholtet 9,0793,Gjes,Campeiro Bulldog
Mikkel Fossum,37,18274005,Solbergsvei 51,0190,Ut,Mackenzie River Husky
Dr. Eirik Jacobsen,52,71 21 50 41,Østre Malmvika 06,9198,Høy,Segugio dell'Appennino
Sunniva Strand,38,02759677,Jørgensengata 32,8069,Inn,Briard
Mats Sørlie,75,+47 13 47 47 31,Søndre Malmvika 9,7823,Fet,New Guinea Singing Dog
Prof. Isak Hansen,76,09964933,Husebysgate 77,2196,Tand,Toyger
Marius Myhrer,78,+47 03 22 11 85,Øvre Presterøa 76,9751,Nord,Hokkaido
Andrea Edvardsen,77,070 96 836,Eriksensvei 38,4140,Stor,Ojos Azules
Kristine Danielsen,23,080 70 556,Øvre Furujordet 6,0666,Tand,Selkirk Rex
Malin Evensen IV,73,16 92 45 11,Torgløkka 7,0736,Ut,Samoyed
Andreas Bjerke,21,198 82 291,1640,Fager,Sphynx
Mari Jakobsen,20,+47 15 19 36 93,Øvre Solduggmarka 0,0742,Gjes,Saint-Usuge Spaniel
Mina Haukelidsæter,55,080 71 481,Prestefaret 11,0019,Fet,Somali
Fredrik Haukelidsæter,28,718 31 397,6824,Høy,Rampur Greyhound
Simen Nielsen,44,+47 18 91 83 04,Hansens Vei 30,1370,Gjes,Ocicat
Mikkel Østby I,42,+47 05 39 05 65,Gamle Hestemyrlunden 0,6057,Lille,Schweizer Laufhund
Marius Kvarme,47,119 20 127,Eriksenveien 22,0694,Inn,German Wirehaired Pointer
Camilla Andreassen,79,09 82 05 27,Furubakken 55,0532,Lille,Cane Paratore
Håkon Bakken,64,180 04 028,Fossekroken 62,0902,Vest,American Shorthair
Henrik Nilsen Jr.,84,021 18 415,Eidesgate 96,3943,Lille,Himalayan
Aurora Smogeli,59,15 50 09 03,Vassstykket 5,3029,Nord,Chippiparai
Dr. Kaja Lunde,47,009 03 031,Skoglundveien 8,2406,Mal,Russian Blue
Aurora Karlsen,30,+47 16 67 09 49,Moengata 2,0101,Lo,LaPerm
Prof. Oskar Kleven,33,null,Solduggeggen 42,3445,Sand,Chartreux
Sofie Sørlie,75,196 51 604,Fridas Gate 8,4608,Fet,undefined
Lucas Stensrud,15,+47 17 74 21 58,Eikekroken 8,1213,Lille,Cantabrian Water Dog
Jakob Bjerke,29,03 49 59 39,Korsspranget 11,0403,Tand,Maltese
Karoline Mathisen,38,null,Geiteryggsvingen 1,8476,Stav,Irish Water Spaniel
Sara Sørlie,87,072 45 146,Bekkelia 4,9914,Sand,Sokoke
Emma Bjerke,46,00890517,Martines Vei 26,0334,Mal,Basset Fauve de Bretagne
Herman Nygård,29,09213917,Martines Gate 0,5237,Fet,Norwich Terrier
Maren Berg,56,053 36 420,Malmengen 3,4150,Lo,Savannah
86,171 42 130,Høyvollen 45,7843,Stav,Manx
Prof. Helene Østli,73,088 99 545,Vestre Sjøbakken 9,5866,Mal,Grand Anglo-Français Tricolore
Karoline Kleven,45,04655914,Amundsens Gate 07,2724,Lille,undefined
29,46241745,Granittgrenda 38,0664,Nær,Nebelung
Aurora Sørensen,44,15272947,Oskarsgate 4,4317,Ut,Hokkaido
Julie Karlsen,38,v274q54am,Vestre Bergflata 0,0492,Sand,McNab dog
Ingrid Evensen,17,17809279,Helenes Gate 74,1992,Mal,Toyger
Karoline Fredriksen,65,02 23 29 30,Gamle Granittskrenten 80,8760,Stav,Bhotia
Simen Eide,42,+47 17 95 17 67,Veggeveien 81,8204,Gjes,Drever
Joakim Kristensen Sr.,22,+47 71 22 73 14,Larsensgate 17,0042,Sand,Maremmano-Abruzzese Sheepdog
Hanna Skoglund,58,07 61 21 82,Fururøa 9,6511,Vest,Himalayan
Johannes Sørensen,74,139 75 076,Torghaugen 79,4277,Gjes,Billy
Nikolai Hopland III,45,18450111,Furuekra 89,7674,Ut,Sapsali
Mina Martinsen,48,null,Øvre Fossemoen 1,0932,Lo,Slovenský Kopov
Elise Pedersen,33,052 08 416,Kukroken 20,9515,Sme,Serbian Hound
Alexander Haukelidsæter,57,120 28 269,Håkonsgate 1,7440,Nær,Staffordshire Bull Terrier
Camilla Holm,55,3kl7lhcn7,Johannessengata 23,6623,Sme,Peterbald
Joakim Solli,26,15239331,Karlsengata 8,8028,Mal,Maine Coon
Thea Johnsen,34,02 83 59 89,Haugengata 4,3570,Gjes,Smalandstövare
Prof. Maja Røed,66,47 07 27 21,Kajasgate 07,9099,Høy,Grand Anglo-Français Blanc et Noir
Dr. Mia Johansen,64,+47 10 18 25 18,Østre Bekkeløkka 9,1368,Lo,Kintamani
Sofie Dahl,69,038 78 133,Øvre Rogneskrenten 5,0949,Sand,Picardy Spaniel
71,32 72 19 05,Korsekra 3,6252,Høy,Serengeti
Sofie Henriksen,57,05612340,Gamle Vassstranda 0,0490,Stor,Cão de Gado Transmontano
Andreas Ruud,79,+47 09 32 05 39,Granittlunden 7,7555,Vest,Smalandstövare
Marie Nordskaug II,86,hh2ruce1p,Klokkeråsen 45,0108,Inn,Toyger
Daniel Hagen,21,17 96 89 05,Olstadgata 5,4887,Nær,Donskoy
Camilla Jensen,61,194 62 560,Markusgata 93,1482,Fager,LaPerm
Henrik Nordby,39,001 00 549,Granhavna 78,7415,Lille,Chartreux
Eline Nygård,55,+47 08 19 70 55,Rognebakken 1,5794,Inn,Turkish Angora
Oliver Glosli,58,+47 08 72 27 83,Bekkestranda 78,0399,Vest,Turkish Van
Noah Dahl,41,00821457,Marens Vei 11,0283,Nord,Norfolk Terrier
Jonas Svendsen,28,088 10 377,Østre Klokkerstubben 1,1721,Gjes,Highlander
47,+47 87 77 03 06,Torgvika 7,3564,Nord,Cornish Rex
Prof. Ida Sæther,27,169 84 043,Vestre Granitttoppen 3,6309,Fet,Chow Chow
Linnea Skoglund,38,+47 18 15 63 88,Konvallholtet 2,1077,Stav,Japanese Bobtail
Lars Østli,62,+47 16 70 45 65,Håkons Vei 4,9183,Inn,Serengeti
Mats Berge,53,046 20 277,Øvre Damlunden 6,0531,Nær,Snowshoe
Maren Bakke,29,+47 03 68 00 87,Søndre Korseggen 98,0252,Høy,Puli
Kristoffer Østby,69,080 93 083,Moesgate 84,6193,Gjes,Peterbald
Sander Bjerke,72,238 89 007,7350,Stor,Basset Hound
Synne Eriksen,46,+47 11 95 40 12,Østre Litjholtet 3,8878,Lo,Exotic Shorthair
Dr. Martine Finstad,92,+47 14 19 70 32,Sjøåsen 7,0691,Nær,Parson Russell Terrier
Nora Larsen,17,02192284,Søndre Tingkollen 10,6335,Lille,Himalayan
Sara Torgersen,59,+47 17 82 17 07,Johannessvei 52,9918,Gjes,Pixiebob
Prof. Adrian Pettersen,18,+47 05 70 17 01,Bakkensgate 8,3971,Stor,Cão de Gado Transmontano
Silje Fjeld I,80,x7oggvwok,Gamle Rognehaugen 4,9885,Tand,Serbian Tricolour Hound
Oda Nilsen,22,01402806,Gamle Hestemyralléen 7,8756,Ut,Himalayan
33,49012676,Aass Gate 7,0836,Fager,Ocicat
Dr. Sofie Smogeli,61,067 49 536,Emmas Vei 70,4644,Sand,Donskoy
73,58 29 28 80,Auroragata 74,4086,Stav,Bengal
Dr. Martin Aalerud,70,ug2f2akfn,Øvre Sjøeggen 9,5678,Høy,Pixiebob
57,80282871,Lillestranda 88,0431,Sme,Teddy Roosevelt Terrier
William Strand,51,13 73 17 61,Solduggbråten 3,8819,Stor,Azawakh
Dr. Camilla Martinsen,25,2cn5hbskq,Østre Eiketunet 77,6346,Sand,Cão Fila de São Miguel
Ingrid Tangen,92,04 78 34 90,Øvre Geiteryggjordet 23,1945,Gjes,Manx
Filip Kristiansen V,25,0y1dypt3,Tingstykket 85,0124,Stor,Japanese Bobtail
Andrea Berg,67,17101574,Vestre Kirkeflata 72,0542,Tand,Lapponian Herder
Maren Skoglund,80,null,Granhagen 86,0417,Høy,Jonangi
Kristian Arnesen,85,18952629,Høystykket 21,2335,Fager,Havana
Joakim Nordby,16,082 17 248,Klokkergata 1,0783,Gjes,Burmese
Andreas Evensen,59,773 83 813,0721,Fager,Old Croatian Sighthound
Dr. Ida Skoglund II,62,006 41 847,Leahs Vei 14,8246,Lo,Oriental
Dr. Sebastian Olstad,30,xim5gorua,Kirkeholtet 04,0004,Høy,Villano de Las Encartaciones
Kaja Sæther,42,null,Kutunet 8,5905,Inn,Peruvian Inca Orchid
Dr. Ingrid Rasmussen,87,04 14 11 73,Rogneroa 5,0771,Høy,Taiwan Dog
Isak Haukelidsæter,85,null,Litjskrenten 91,4822,Høy,Peterbald
Alexander Hansen,93,129 19 972,Elvelia 3,0052,Mal,Dandie Dinmont Terrier
Maria Kvarme II,39,null,Natalies Gate 6,4500,Lo,Hamiltonstövare
Marius Olstad III,65,143 80 726,Jakobveien 67,7185,Stor,Manx
Erik Skuterud,48,+47 17 08 74 63,Sjøkroken 1,2473,Sand,Abyssinian
Camilla Sørlie,53,11 35 61 67,Søndre Prestetjernet 18,0841,Sand,Ragdoll
Prof. Mari Eriksen,48,14 62 46 78,0924,Tand,Birman
Theodor Jensen,72,171 47 983,Søndre Fururingen 33,8846,Lo,Ocicat
Anna Bjørnstad,27,+47 18 74 47 68,Fiolalléen 12,7141,Stor,Kerry Beagle
Kristoffer Bakke,31,106 41 929,Berntsens Vei 9,8831,Ut,Schillerstövare
Sandra Krogh,59,05437910,Søndre Fiolløkka 00,0596,Gjes,Cão de Gado Transmontano
Prof. William Ruud,48,06 22 39 31,Høygata 77,8496,Nord,Hanover Hound
Mina Solberg,22,+47 04 32 00 36,Bruflata 24,7515,Sme,Devon Rex
Simen Smedsrud,82,053 27 063,Søndre Lillestykket 76,0090,Nord,Japanese Bobtail
Mikkel Martinsen Jr.,51,+47 92 31 73 75,Kroghsvei 0,3855,Stor,Segugio dell'Appennino
Anders Jensen,71,+47 16 69 41 07,Blåveislia 61,2595,Tand,Selkirk Rex
Nikolai Jakobsen,39,02982382,Madeleines Gate 22,6162,Sand,Donskoy
Magnus Aasen V,57,13177356,Øvre Sjøspranget 4,8572,Fager,Standard Schnauzer
Tobias Sørensen,91,104 96 267,Arnesenveien 14,6589,Ut,Tibetan Terrier
Aurora Sørensen,53,191 61 064,Synneveien 1,5491,Stav,Somali
Simen Martinsen IV,63,228 02 460,Bjerkegata 94,4878,Sme,Maremmano-Abruzzese Sheepdog
Adrian Nguyen,83,e4oogczc,Solbergsgate 90,0516,Fager,Turkish Angora
Camilla Berge Sr.,45,+47 02 62 45 18,Granløkka 3,0359,Sand,Irish Water Spaniel
Aurora Aas,18,00 75 25 27,Søndre Blåveissvingen 7,4875,Fet,Norwegian Forest Cat
Frida Huseby,54,021 57 586,Majaveien 8,8813,Sme,Thai
Sara Torp,32,+47 09 76 15 89,Østre Blåveisbakken 7,0322,Inn,Savannah
Mina Christiansen,30,18312966,Østre Lillehøgda 4,4367,Tand,Devon Rex
Prof. Maren Danielsen,46,06 15 18 74,Mathisengata 7,1795,Stor,Savannah
Marie Nordskaug,39,05052981,Østre Eikehagen 99,4671,Tand,American Bobtail
Anders Svendsen,76,00204894,Gamle Rognegrenda 90,5084,Stav,Exotic Shorthair
Vilde Stensrud,80,35 65 85 77,0425,Stav,Gull Dong
Theodor Sørlie,78,11 73 94 71,Gamle Fioltjernet 00,0303,Mal,Schillerstövare
Simen Smedsrud,60,+47 50 18 82 69,Sjøtunet 31,9716,Fager,Istrian Coarse-haired Hound
Sandra Kristensen,39,131 37 661,Øvre Kusvingen 6,4374,Gjes,Oriental
Sara Eriksen,89,13 78 32 84,Klokkerskrenten 93,2156,Vest,Havana
Sondre Johansen,55,01 85 38 36,Woldgata 7,0786,Inn,Havana
Anna Bjørnstad Sr.,46,+47 18 18 72 91,Elvetunet 6,0584,Stor,American Wirehair
Filip Andresen II,47,11735222,Benjamins Vei 3,7638,Tand,Maine Coon
Elias Hopland,83,9hbyev96i,Moeveien 4,0638,Fet,Turkish Angora
Eline Fossum,80,04 92 03 05,Nedre Bjørkeroa 9,0077,Fager,Balinese
Mats Eriksen,38,19365162,Øvre Høygata 8,0137,Lo,Pixiebob
Thea Holm,48,01 98 96 99,Natalies Vei 09,1468,Høy,British Shorthair
Jørgen Halvorsen,21,08 34 49 54,Pettersensgate 87,7695,Sand,American Bobtail
Ingrid Skoglund,78,iko1ny29,Nedre Kirkeskrenten 00,2830,Vest,Tibetan Mastiff
Even Haugen,31,+47 17 86 11 10,Nedre Malmkollen 4,7643,Sme,Alaskan Klee Kai
Eline Stensrud,66,18 31 30 52,Hannagata 5,9220,Fet,American Curl
Marie Svendsen,35,056 60 745,Solspranget 12,1271,Lo,Maine Coon
27,88462248,Nedre Kirkestykket 36,3651,Vest,Havana
Synne Gundersen,74,+47 04 39 05 09,Søndre Solduggskogen 1,8947,Vest,Egyptian Mau
Fredrik Andreassen,87,622 00 383,2742,Inn,Egyptian Mau
Hanna Fossum V,25,06792148,Østre Konvalltunet 67,9713,Nord,Norwegian Lundehund
Sara Skoglund,84,07065933,Øvre Korsfaret 84,3528,Stav,Labrador Retriever
Magnus Berg,38,1pv7f45uf,Eidesgate 9,6560,Gjes,Savannah
Herman Pedersen,39,17 25 15 75,Finstadgata 1,8714,Tand,Scottish Fold
Lars Carlsen,20,+47 01 71 22 78,Vestre Bjørkealléen 23,1015,Fager,Ragdoll
Sunniva Fredriksen,84,084 80 160,Nedre Kirkemoen 75,6162,Vest,Scottish Fold
Jenny Ødegård,81,+47 10 70 86 81,Henriksens Vei 18,1777,Ut,Carea Castellano Manchego
Tiril Berg,89,oy34r2s1t,Majasvei 2,5754,Høy,German Pinscher
Sander Løken,15,+47 04 60 15 51,Jacobsensgate 9,6471,Stav,American Water Spaniel
Herman Ruud,35,133 97 608,Johansensgate 3,6555,Nær,Stabyhoun
Selma Aalerud IV,46,064 29 127,Solduggstranda 30,3308,Sand,Scottish Fold
Helene Solli,58,00 64 92 57,Vestre Vassringen 7,0905,Fager,Neapolitan Mastiff

Malin Sørensen,56,null,Jonass Vei 5,0850,Fager,Birman
Herman Lie,43,10 89 25 50,Joakimsvei 08,1968,Sand,American Bobtail
Kristoffer Aasen,15,03549487,Høystien 3,3389,Nord,Kurilian Bobtail
Prof. Anders Fjeld,57,fbln2fznl,Malmplassen 16,2894,Lo,Basenji
Daniel Christiansen,45,105 38 317,Solduggmoen 05,3232,Stav,Burmese